{
  "jurisdiction_code": "CA",
  "jurisdiction_name": "California",
  "jurisdiction_type": "state",
  "last_updated": "2025-11-12",
  "data_version": "1.0",
  "sources": [
    {
      "name": "California Secretary of State - Business Programs",
      "url": "https://www.sos.ca.gov/business-programs/business-entities/",
      "accessed": "2025-11-12"
    },
    {
      "name": "California Attorney General - Registry of Charitable Trusts",
      "url": "https://oag.ca.gov/charities",
      "accessed": "2025-11-12"
    },
    {
      "name": "California Department of Tax and Fee Administration",
      "url": "https://www.cdtfa.ca.gov/",
      "accessed": "2025-11-12"
    },
    {
      "name": "California Board of Equalization (Property Tax)",
      "url": "https://www.boe.ca.gov/proptaxes/",
      "accessed": "2025-11-12"
    }
  ],
  "incorporation_agency": "California Secretary of State",
  "charitable_registration_agency": "California Attorney General - Registry of Charitable Trusts",
  "exemption_threshold_note": "Organizations with gross revenue under $50,000 are exempt from full Attorney General registration requirements but must still file Form CT-1 initial registration",
  "formation_requirements": {
    "articles_of_incorporation": "Required - Must include specific nonprofit language per CA Corp Code § 5130",
    "minimum_directors": 3,
    "director_restrictions": "Cannot be related by blood or marriage if only 3 directors",
    "registered_agent": "Required - Must have California street address",
    "initial_filing_fee": 30.00
  },
  "requirements": [
    {
      "requirement_id": "CA-001",
      "requirement_type": "Annual Report",
      "requirement_name": "Statement of Information (Form SI-100)",
      "description": "Biennial statement filed with Secretary of State updating corporate information including current directors, officers, and addresses",
      "filing_agency": "California Secretary of State - Business Programs Division",
      "frequency": "biennial",
      "due_date_rule": "Within 90 days before the last day of the anniversary month of filing Articles of Incorporation",
      "due_date_calculation": "anniversary_month",
      "months_offset": -3,
      "grace_period_days": 0,
      "penalty_amount": 250.00,
      "penalty_type": "suspension",
      "penalty_description": "Failure to file results in suspension of corporate powers, privileges, and rights. A $250 penalty must be paid to reinstate in addition to all past-due fees.",
      "fee_amount": 20.00,
      "form_name": "Form SI-100 (Statement of Information - Nonprofit Corporations)",
      "form_url": "https://bizfileonline.sos.ca.gov/",
      "instructions_url": "https://www.sos.ca.gov/business-programs/business-entities/statement-information/",
      "online_filing_url": "https://bizfileonline.sos.ca.gov/",
      "online_filing_available": true,
      "mail_filing_address": "Secretary of State, Statement of Information Unit, P.O. Box 944230, Sacramento, CA 94244-2300",
      "phone_contact": "(916) 653-6814",
      "email_contact": "businessfiling@sos.ca.gov",
      "notes": "First filing due in the calendar month that is 6 months after incorporation. Subsequent filings due every 2 years. Late filing results in suspension and $250 reinstatement fee plus past-due filing fees.",
      "exemptions": "None - ALL California nonprofit corporations must file",
      "related_forms": [],
      "legal_citation": "California Corporations Code §§ 6210, 8210"
    },
    {
      "requirement_id": "CA-002",
      "requirement_type": "Charitable Solicitation",
      "requirement_name": "Initial Registration (Form CT-1)",
      "description": "Initial registration with Attorney General Registry of Charitable Trusts required before soliciting charitable donations in California or holding assets for charitable purposes",
      "filing_agency": "California Attorney General - Registry of Charitable Trusts",
      "frequency": "one-time",
      "due_date_rule": "Within 30 days of receipt of initial assets or before soliciting donations, whichever occurs first",
      "due_date_calculation": "event_triggered",
      "grace_period_days": 0,
      "penalty_amount": null,
      "penalty_type": "cease_and_desist",
      "penalty_description": "Operating without registration may result in cease and desist orders, civil penalties, and loss of charitable trust status",
      "fee_amount": 0.00,
      "form_name": "Form CT-1 (Registration Form for Charitable Corporations)",
      "form_url": "https://oag.ca.gov/sites/all/files/agweb/pdfs/charities/ct1.pdf",
      "instructions_url": "https://oag.ca.gov/charities/forms",
      "online_filing_url": null,
      "online_filing_available": false,
      "mail_filing_address": "Registry of Charitable Trusts, P.O. Box 903447, Sacramento, CA 94203-4470",
      "phone_contact": "(916) 445-2021",
      "email_contact": "charitable.trusts@doj.ca.gov",
      "notes": "Must be filed before accepting donations or holding charitable assets. Attach copy of IRS 501(c)(3) determination letter, Articles of Incorporation, and Bylaws.",
      "exemptions": "Religious corporations (primarily engaged in religious activities), educational institutions, hospitals, credit unions, specified government entities",
      "related_forms": ["IRS Form 1023 or 1023-EZ determination letter", "Articles of Incorporation", "Bylaws"],
      "legal_citation": "California Government Code §§ 12580-12596"
    },
    {
      "requirement_id": "CA-003",
      "requirement_type": "Charitable Solicitation",
      "requirement_name": "Annual Registration Renewal (Form RRF-1)",
      "description": "Annual renewal of charitable solicitation registration with financial reporting to Attorney General",
      "filing_agency": "California Attorney General - Registry of Charitable Trusts",
      "frequency": "annual",
      "due_date_rule": "Within 4 months and 15 days after the end of the organization's fiscal year",
      "due_date_calculation": "fiscal_year_end_plus_days",
      "calculation_days": 135,
      "grace_period_days": 0,
      "penalty_amount": 25.00,
      "penalty_type": "late_fee",
      "penalty_description": "$25 late fee if filed within 30 days after due date. $50 late fee if filed more than 30 days after due date. Continued failure to file may result in suspension of charitable trust status.",
      "fee_amount": 0.00,
      "form_name": "Form RRF-1 (Annual Registration Renewal Fee Report)",
      "form_url": "https://rct.doj.ca.gov/Verification/Web/Login.aspx",
      "instructions_url": "https://oag.ca.gov/charities/forms",
      "online_filing_url": "https://rct.doj.ca.gov/Verification/Web/Login.aspx",
      "online_filing_available": true,
      "mail_filing_address": "Registry of Charitable Trusts, P.O. Box 903447, Sacramento, CA 94203-4470",
      "phone_contact": "(916) 445-2021",
      "notes": "Must attach copy of IRS Form 990, 990-EZ, or 990-N (e-postcard confirmation). Organizations with gross revenue under $50,000 must file but are exempt from late fees.",
      "exemptions": "Organizations with gross revenue under $25,000 and no paid staff or fundraisers may file Form RRF-1 without IRS Form 990 attachment",
      "related_forms": ["IRS Form 990 series"],
      "legal_citation": "California Government Code § 12586"
    },
    {
      "requirement_id": "CA-004",
      "requirement_type": "Sales Tax Exemption",
      "requirement_name": "Partial Sales Tax Exemption Certificate",
      "description": "Exemption from paying California sales tax on qualified purchases for the organization (not exemption from collecting sales tax)",
      "filing_agency": "California Department of Tax and Fee Administration (CDTFA)",
      "frequency": "one-time",
      "due_date_rule": "Apply after receiving IRS 501(c)(3) determination letter",
      "due_date_calculation": "event_triggered",
      "grace_period_days": null,
      "penalty_amount": null,
      "penalty_type": null,
      "fee_amount": 0.00,
      "form_name": "Form CDTFA-230 (Exemption Certificate)",
      "form_url": "https://www.cdtfa.ca.gov/formspubs/cdtfa230.pdf",
      "instructions_url": "https://www.cdtfa.ca.gov/taxes-and-fees/exempt-organizations.htm",
      "online_filing_url": null,
      "online_filing_available": false,
      "mail_filing_address": "California Department of Tax and Fee Administration, Attn: Exempt Organization Unit, PO Box 942879, Sacramento, CA 94279-0001",
      "phone_contact": "(800) 400-7115",
      "notes": "Provides partial exemption from sales tax on purchases for organizational use. Does NOT exempt from duty to collect sales tax when selling taxable items. Exemption applies to purchases related to charitable activities.",
      "exemptions": "Automatic for most 501(c)(3) organizations upon application",
      "related_forms": ["IRS 501(c)(3) determination letter", "Articles of Incorporation"],
      "legal_citation": "California Revenue and Taxation Code § 6363"
    },
    {
      "requirement_id": "CA-005",
      "requirement_type": "Property Tax Exemption",
      "requirement_name": "Welfare Exemption (Property Tax)",
      "description": "Exemption from property taxes for real property owned and used exclusively for religious, hospital, scientific, or charitable purposes",
      "filing_agency": "County Assessor's Office (Each County)",
      "frequency": "annual",
      "due_date_rule": "Initial application by February 15 of fiscal year; annual claim by February 15 each year to maintain exemption",
      "due_date_calculation": "fixed_date",
      "fixed_month": 2,
      "fixed_day": 15,
      "grace_period_days": 0,
      "penalty_amount": null,
      "penalty_type": "lose_exemption",
      "penalty_description": "Failure to file annual claim results in loss of exemption and retroactive property tax assessment",
      "fee_amount": 0.00,
      "form_name": "Form BOE-267-A (Welfare Exemption - Organization)",
      "form_url": "https://www.boe.ca.gov/proptaxes/pdf/boe267a.pdf",
      "instructions_url": "https://www.boe.ca.gov/proptaxes/welfare.htm",
      "online_filing_url": null,
      "online_filing_available": false,
      "mail_filing_address": "File with local County Assessor's Office",
      "phone_contact": "Contact local County Assessor",
      "notes": "Property must be used EXCLUSIVELY for qualifying purposes. Mixed-use property may receive partial exemption. Must also file BOE-267-L (Organizational Clearance Certificate) with State Board of Equalization for initial approval. Annual claim must be filed EVERY YEAR to maintain exemption.",
      "exemptions": "Must be 501(c)(3) and property must be used exclusively for charitable purposes",
      "related_forms": ["BOE-267-L (Organizational Clearance Certificate)"],
      "legal_citation": "California Revenue and Taxation Code § 214"
    },
    {
      "requirement_id": "CA-006",
      "requirement_type": "Raffle/Gaming",
      "requirement_name": "Raffle Registration",
      "description": "Annual registration with Attorney General required to conduct raffles as fundraising activity",
      "filing_agency": "California Attorney General - Registry of Charitable Trusts",
      "frequency": "annual",
      "due_date_rule": "At least 90 days before conducting first raffle of calendar year",
      "due_date_calculation": "calendar_year",
      "days_before": 90,
      "grace_period_days": 0,
      "penalty_amount": null,
      "penalty_type": "illegal_gambling",
      "penalty_description": "Conducting raffles without registration is illegal gambling under California Penal Code and may result in criminal prosecution",
      "fee_amount": 20.00,
      "form_name": "Raffle Registration Form",
      "form_url": "https://oag.ca.gov/charities/raffles",
      "instructions_url": "https://oag.ca.gov/charities/raffles",
      "online_filing_url": "https://rct.doj.ca.gov/Verification/Web/Login.aspx",
      "online_filing_available": true,
      "mail_filing_address": "Registry of Charitable Trusts, P.O. Box 903447, Sacramento, CA 94203-4470",
      "phone_contact": "(916) 445-2021",
      "notes": "Organization must be registered with Registry of Charitable Trusts for at least ONE YEAR before conducting raffles. Maximum prize value per raffle: $250,000. Maximum 20 raffles per calendar year. Must file Form CT-NRP-1 within 10 days after each raffle. Tickets must be sold in California only.",
      "exemptions": "Must be 501(c)(3) registered with CA AG for 1+ years",
      "related_forms": ["CT-NRP-1 (Notice of Raffle - filed after each raffle)"],
      "legal_citation": "California Penal Code §§ 320.5, 320.6"
    },
    {
      "requirement_id": "CA-007",
      "requirement_type": "Professional Fundraiser",
      "requirement_name": "Commercial Fundraiser Registration",
      "description": "Registration required if organization contracts with commercial fundraiser for professional solicitation or fundraising counsel",
      "filing_agency": "California Attorney General - Registry of Charitable Trusts",
      "frequency": "annual",
      "due_date_rule": "Before commencing fundraising activities; annual renewal by January 31",
      "due_date_calculation": "event_triggered",
      "grace_period_days": 0,
      "penalty_amount": null,
      "penalty_type": "cease_and_desist",
      "penalty_description": "Contracting with unregistered fundraiser may void contract and result in liability",
      "fee_amount": 0.00,
      "form_name": "Form CT-CFR-1 (Charity Fundraising Commercial Contract Filing)",
      "form_url": "https://oag.ca.gov/charities/forms",
      "instructions_url": "https://oag.ca.gov/charities/fundraisers",
      "online_filing_url": null,
      "online_filing_available": false,
      "mail_filing_address": "Registry of Charitable Trusts, P.O. Box 903447, Sacramento, CA 94203-4470",
      "phone_contact": "(916) 445-2021",
      "notes": "Required ONLY if organization contracts with commercial fundraiser (paid professional). Written contract must be filed with AG within 10 days of execution. Fundraiser must also register separately with AG. NOT required if only using volunteers.",
      "exemptions": "Not required if only using volunteers or internal staff",
      "related_forms": ["Written fundraising contract"],
      "legal_citation": "California Government Code §§ 12599-12599.7"
    },
    {
      "requirement_id": "CA-008",
      "requirement_type": "Audit",
      "requirement_name": "Independent Financial Audit Requirement",
      "description": "Organizations with gross revenue of $2 million or more must have an independent financial audit by a CPA",
      "filing_agency": "Self-enforced; audit report filed with AG on RRF-1",
      "frequency": "annual",
      "due_date_rule": "Complete audit within 9 months after fiscal year end; file with RRF-1",
      "due_date_calculation": "fiscal_year_end_plus_days",
      "calculation_days": 270,
      "grace_period_days": 0,
      "penalty_amount": null,
      "penalty_type": "compliance_violation",
      "penalty_description": "Failure to conduct required audit is violation of charity registration requirements",
      "fee_amount": 0.00,
      "form_name": "Audited Financial Statements",
      "notes": "Audit must be conducted by independent CPA licensed in California. Organizations with revenue between $2M-$10M may have audit or review. Organizations with revenue $10M+ must have full audit. Audit report must accompany RRF-1 filing.",
      "exemptions": "Organizations with gross revenue under $2 million",
      "related_forms": ["RRF-1 (Annual Registration Renewal)"],
      "legal_citation": "California Government Code § 12586(e)"
    }
  ],
  "special_notes": {
    "audit_requirements": "Organizations with $2M+ revenue must have independent audit; $10M+ must have full audit (not just review)",
    "public_disclosure": "IRS Form 990 and CA Form RRF-1 are public records and must be made available for inspection",
    "board_requirements": "Minimum 3 directors required; if only 3 directors, cannot be related by blood or marriage",
    "dissolution_requirements": "Upon dissolution, assets must be distributed to another 501(c)(3) organization or government entity for public purposes",
    "political_activity": "501(c)(3) organizations may engage in limited lobbying (may elect 501(h) for higher limits) but NO candidate endorsements or campaign contributions",
    "unrelated_business_income": "Must file Form 109 (California Exempt Organization Business Income Tax Return) if gross receipts from unrelated business exceed $1,000",
    "workers_compensation": "Must carry workers' compensation insurance if any employees",
    "unemployment_insurance": "Must register with EDD if any employees subject to California unemployment insurance",
    "minimum_wage": "California minimum wage applies to nonprofit employees (currently $16.00/hour as of 2024)",
    "sexual_harassment_training": "Organizations with 5+ employees must provide sexual harassment prevention training"
  },
  "helpful_links": [
    {
      "title": "California Nonprofit Startup Guide",
      "url": "https://oag.ca.gov/charities/publications",
      "description": "Attorney General's comprehensive guide to starting a nonprofit"
    },
    {
      "title": "California Nonprofit Corporations Law",
      "url": "https://leginfo.legislature.ca.gov/faces/codes_displayText.xhtml?lawCode=CORP&division=2.&title=1.&part=2.&chapter=1.&article=",
      "description": "Full text of California Corporations Code (Nonprofit section)"
    },
    {
      "title": "California Association of Nonprofits (CalNonprofits)",
      "url": "https://calnonprofits.org/",
      "description": "State association providing resources and advocacy"
    },
    {
      "title": "Registry of Charitable Trusts Search",
      "url": "https://rct.doj.ca.gov/Verification/Web/Search.aspx",
      "description": "Search for registered charities in California"
    }
  ]
}
