{
  "jurisdiction_code": "DC",
  "jurisdiction_name": "District of Columbia",
  "jurisdiction_type": "district",
  "last_updated": "2025-11-12",
  "data_version": "1.0",
  "sources": [{"source_name": "DC Department of Consumer and Regulatory Affairs", "source_url": "https://dcra.dc.gov/", "last_accessed": "2025-11-12"}, {"source_name": "DC Office of Tax and Revenue", "source_url": "https://otr.cfo.dc.gov/", "last_accessed": "2025-11-12"}],
  "incorporation_agency": "DC Department of Consumer and Regulatory Affairs - Corporations Division",
  "charitable_registration_agency": "DC Department of Consumer and Regulatory Affairs - Corporations Division",
  "exemption_threshold_note": "Organizations with gross revenue under $25,000 annually may be exempt. Religious organizations exempt.",
  "formation_requirements": {"minimum_directors": 1, "initial_filing_fee": 220.00, "certificate_of_formation": "Articles of Incorporation - Nonprofit Corporation", "filing_agency": "DC Department of Consumer and Regulatory Affairs", "publication_requirement": false, "registered_agent_required": true, "bylaws_filing_required": false, "notes": "DC allows single-director nonprofits. Higher incorporation fee."},
  "requirements": [
    {"requirement_id": "DC-001", "requirement_type": "Annual Report", "requirement_name": "Biennial Report", "filing_agency": "DC Department of Consumer and Regulatory Affairs", "frequency": "biennial", "due_date_calculation": "anniversary_month", "due_date_specifics": "Every two years on April 1st", "fee_amount": 80.00, "legal_citation": "D.C. Code § 29-102.11", "notes": "Biennial report fee $80. Due April 1st every two years."},
    {"requirement_id": "DC-002", "requirement_type": "Charitable Solicitation", "requirement_name": "Initial Charitable Organization Registration", "filing_agency": "DC Department of Consumer and Regulatory Affairs", "frequency": "one-time", "due_date_calculation": "event_triggered", "fee_amount": 200.00, "legal_citation": "D.C. Code § 44-1702", "notes": "Initial registration $200."},
    {"requirement_id": "DC-003", "requirement_type": "Charitable Solicitation", "requirement_name": "Annual Charitable Financial Report", "filing_agency": "DC Department of Consumer and Regulatory Affairs", "frequency": "annual", "due_date_calculation": "fiscal_year_end_plus_days", "due_date_days_after_fiscal_year_end": 180, "fee_amount": 200.00, "notes": "Annual report $200."},
    {"requirement_id": "DC-004", "requirement_type": "Sales Tax Exemption", "requirement_name": "DC Sales Tax Exemption Certificate", "filing_agency": "DC Office of Tax and Revenue", "frequency": "one-time", "due_date_calculation": "event_triggered", "fee_amount": 0.00, "form_number": "Form FR-164 - Certificate of Exemption", "legal_citation": "D.C. Code § 47-2005", "notes": "Qualifying 501(c)(3) organizations exempt."},
    {"requirement_id": "DC-005", "requirement_type": "Property Tax Exemption", "requirement_name": "Property Tax Exemption Application", "filing_agency": "DC Office of Tax and Revenue", "frequency": "annual", "due_date_calculation": "fixed_date", "due_date_specifics": "March 1st annually", "fee_amount": 0.00, "legal_citation": "D.C. Code § 47-1002", "notes": "Annual application by March 1st."},
    {"requirement_id": "DC-006", "requirement_type": "Raffle/Gaming", "requirement_name": "Raffle License", "filing_agency": "DC Alcoholic Beverage Regulation Administration", "frequency": "per_event", "due_date_calculation": "event_triggered", "fee_amount": 50.00, "legal_citation": "D.C. Code § 3-1322", "notes": "Raffles permitted for qualified nonprofits. $50 license fee."},
    {"requirement_id": "DC-007", "requirement_type": "Professional Fundraiser", "requirement_name": "Professional Solicitor Registration", "filing_agency": "DC Department of Consumer and Regulatory Affairs", "frequency": "annual", "due_date_calculation": "anniversary_month", "fee_amount": 500.00, "notes": "$500 fee - very high. Bond required."},
    {"requirement_id": "DC-008", "requirement_type": "Annual Report", "requirement_name": "Independent Financial Audit", "filing_agency": "Internal requirement", "frequency": "annual", "due_date_calculation": "fiscal_year_end_plus_days", "due_date_days_after_fiscal_year_end": 180, "fee_amount": 0.00, "legal_citation": "D.C. Code § 44-1704", "notes": "Audit required for organizations with revenue over $500,000."}
  ],
  "special_notes": {"biennial_reporting": "DC requires biennial (every 2 years) corporate reports, not annual.", "high_fees": "DC has some of the highest nonprofit fees nationwide, including $220 incorporation fee and $500 professional fundraiser fee.", "federal_district": "As a federal district, DC has unique regulatory environment combining state-like and federal oversight.", "audit_mandated": "DC mandates audits for organizations over $500,000 in revenue."},
  "helpful_links": [{"title": "DC Department of Consumer and Regulatory Affairs", "url": "https://dcra.dc.gov/", "description": "Incorporation and compliance"}]
}
