{
  "jurisdiction_code": "IL",
  "jurisdiction_name": "Illinois",
  "jurisdiction_type": "state",
  "last_updated": "2025-11-12",
  "data_version": "1.0",
  "sources": [
    {
      "source_name": "Illinois Secretary of State - Business Services",
      "source_url": "https://www.ilsos.gov/departments/business_services/",
      "last_accessed": "2025-11-12"
    },
    {
      "source_name": "Illinois Attorney General - Charitable Trust Bureau",
      "source_url": "https://illinoisattorneygeneral.gov/charities/",
      "last_accessed": "2025-11-12"
    },
    {
      "source_name": "Illinois Department of Revenue",
      "source_url": "https://www2.illinois.gov/rev/",
      "last_accessed": "2025-11-12"
    }
  ],
  "incorporation_agency": "Illinois Secretary of State - Business Services Department",
  "charitable_registration_agency": "Illinois Attorney General - Charitable Trust and Solicitation Bureau",
  "exemption_threshold_note": "Organizations with contributions under $15,000 annually that do not use professional fundraisers may be exempt from registration. Religious organizations and certain educational institutions are also exempt.",
  "formation_requirements": {
    "minimum_directors": 3,
    "initial_filing_fee": 150.00,
    "certificate_of_formation": "Articles of Incorporation - Not-For-Profit Corporation",
    "filing_agency": "Illinois Secretary of State",
    "publication_requirement": false,
    "registered_agent_required": true,
    "bylaws_filing_required": false,
    "notes": "Illinois requires a registered agent with a physical Illinois address. The registered agent can be an individual resident or a business entity authorized to do business in Illinois."
  },
  "requirements": [
    {
      "requirement_id": "IL-001",
      "requirement_type": "Annual Report",
      "requirement_name": "Annual Report for Not-For-Profit Corporations",
      "filing_agency": "Illinois Secretary of State - Business Services Department",
      "frequency": "annual",
      "due_date_calculation": "anniversary_month",
      "due_date_specifics": "Due during the anniversary month of incorporation (first day of month)",
      "fee_amount": 75.00,
      "penalty_late_fee": 100.00,
      "form_number": "Form NFP-105.30 - Annual Report",
      "form_url": "https://www.ilsos.gov/departments/business_services/nfp.html",
      "online_filing_available": true,
      "online_filing_url": "https://www.ilsos.gov/corporatellc/",
      "required_information": [
        "Principal office address",
        "Registered agent name and address",
        "Names and addresses of directors and officers",
        "Purpose statement",
        "Confirmation of corporate status"
      ],
      "legal_citation": "805 ILCS 105/108.70",
      "contact_phone": "217-782-6961",
      "contact_email": "busserv@ilsos.gov",
      "notes": "Filing is required annually during anniversary month. Late fee of $100 applies. Failure to file for two consecutive years results in involuntary dissolution."
    },
    {
      "requirement_id": "IL-002",
      "requirement_type": "Charitable Solicitation",
      "requirement_name": "Initial Charitable Organization Registration",
      "filing_agency": "Illinois Attorney General - Charitable Trust and Solicitation Bureau",
      "frequency": "one-time",
      "due_date_calculation": "event_triggered",
      "due_date_specifics": "Before soliciting contributions in Illinois",
      "fee_amount": 15.00,
      "form_number": "Form CO-1 - Initial Registration Statement",
      "form_url": "https://illinoisattorneygeneral.gov/charities/co1.pdf",
      "online_filing_available": true,
      "online_filing_url": "https://apps.illinoisattorneygeneral.gov/charities/",
      "required_information": [
        "Copy of IRS 501(c) determination letter",
        "Copy of Articles of Incorporation",
        "Copy of Bylaws",
        "List of officers, directors, and trustees",
        "Registration fee payment ($15)",
        "Financial information form"
      ],
      "legal_citation": "225 ILCS 460/2",
      "contact_phone": "312-814-2595",
      "contact_email": "charitabletrust@atg.state.il.us",
      "notes": "Registration required before soliciting in Illinois if contributions exceed $15,000 or professional fundraiser is used. Religious organizations and certain others are exempt."
    },
    {
      "requirement_id": "IL-003",
      "requirement_type": "Charitable Solicitation",
      "requirement_name": "Annual Financial Report",
      "filing_agency": "Illinois Attorney General - Charitable Trust and Solicitation Bureau",
      "frequency": "annual",
      "due_date_calculation": "fiscal_year_end_plus_days",
      "due_date_days_after_fiscal_year_end": 180,
      "due_date_specifics": "Within 6 months after fiscal year end",
      "fee_amount": 15.00,
      "penalty_late_fee": 0.00,
      "form_number": "Form AG990-IL - Annual Report",
      "form_url": "https://illinoisattorneygeneral.gov/charities/ag990.pdf",
      "online_filing_available": true,
      "online_filing_url": "https://apps.illinoisattorneygeneral.gov/charities/",
      "required_information": [
        "IRS Form 990, 990-EZ, or 990-PF",
        "Illinois Schedule AG990-IL",
        "Financial statements or audit (if required)",
        "Professional fundraiser reports",
        "Registration fee payment ($15)"
      ],
      "legal_citation": "225 ILCS 460/3",
      "contact_phone": "312-814-2595",
      "contact_email": "charitabletrust@atg.state.il.us",
      "notes": "Organizations with gross support under $25,000 may file simplified report. Late filing may result in compliance actions but no monetary penalty."
    },
    {
      "requirement_id": "IL-004",
      "requirement_type": "Sales Tax Exemption",
      "requirement_name": "Illinois Sales Tax Exemption Identification Number",
      "filing_agency": "Illinois Department of Revenue",
      "frequency": "one-time",
      "due_date_calculation": "event_triggered",
      "due_date_specifics": "Apply after receiving IRS 501(c)(3) determination letter",
      "fee_amount": 0.00,
      "form_number": "Form REG-1 - Illinois Business Registration Application",
      "form_url": "https://www2.illinois.gov/rev/forms/sales/Documents/reg-1.pdf",
      "online_filing_available": true,
      "online_filing_url": "https://mytax.illinois.gov/",
      "required_information": [
        "Copy of IRS 501(c)(3) determination letter",
        "Copy of Illinois incorporation documents",
        "Federal Employer Identification Number (FEIN)",
        "Description of organization's activities"
      ],
      "legal_citation": "35 ILCS 120/1 et seq.",
      "contact_phone": "800-732-8866",
      "notes": "Illinois 501(c)(3) organizations are exempt from sales tax on purchases for charitable purposes. Register with IDOR to receive exemption identification number (E-number). Provide E-number to vendors with Form CRT-61."
    },
    {
      "requirement_id": "IL-005",
      "requirement_type": "Property Tax Exemption",
      "requirement_name": "Property Tax Exemption Application",
      "filing_agency": "County Board of Review or Board of Appeals",
      "frequency": "one-time",
      "due_date_calculation": "event_triggered",
      "due_date_specifics": "File before assessment date (varies by county, typically January 1st)",
      "fee_amount": 0.00,
      "form_number": "Varies by county - Application for Property Tax Exemption",
      "online_filing_available": false,
      "required_information": [
        "Copy of IRS 501(c)(3) determination letter",
        "Deed or proof of ownership",
        "Description of property use for exempt purposes",
        "Financial statements showing charitable activities",
        "Evidence of actual charitable use",
        "Statement of no private inurement"
      ],
      "legal_citation": "35 ILCS 200/15-65",
      "contact_phone": "Varies by county",
      "notes": "Illinois property tax exemption requires exclusive use for charitable purposes. Property cannot produce income exceeding costs of maintenance and operation. Once granted, exemption continues if use remains charitable."
    },
    {
      "requirement_id": "IL-006",
      "requirement_type": "Raffle/Gaming",
      "requirement_name": "Raffle License",
      "filing_agency": "Local Municipal or County Clerk (or Illinois Department of Revenue for state-wide)",
      "frequency": "per_event",
      "due_date_calculation": "event_triggered",
      "due_date_specifics": "File application at least 30 days before raffle event",
      "fee_amount": 50.00,
      "form_number": "Raffle License Application",
      "form_url": "Varies by municipality",
      "online_filing_available": false,
      "required_information": [
        "Copy of IRS 501(c) determination letter",
        "Proof of incorporation or 5+ years operation in Illinois",
        "List of officers and raffle managers",
        "Description of raffle prizes",
        "Proposed ticket price and quantity",
        "License fee payment",
        "Manager license applications"
      ],
      "legal_citation": "230 ILCS 15/ - Raffles and Poker Runs Act",
      "contact_phone": "Varies by municipality",
      "notes": "Illinois allows raffles for nonprofits organized in Illinois for 5+ years. Manager license required ($5 per manager). Annual raffle prize limit $300,000. Statewide raffles require IDOR license. Single event raffles limited to $75,000 in prizes."
    },
    {
      "requirement_id": "IL-007",
      "requirement_type": "Raffle/Gaming",
      "requirement_name": "Charitable Games License",
      "filing_agency": "Illinois Department of Revenue - Charitable Games Division",
      "frequency": "annual",
      "due_date_calculation": "calendar_year",
      "due_date_specifics": "License valid for calendar year; renew annually",
      "fee_amount": 50.00,
      "form_number": "CG-1 - Charitable Games License Application",
      "form_url": "https://www2.illinois.gov/rev/localgovernments/charitablegames/Pages/forms.aspx",
      "online_filing_available": false,
      "required_information": [
        "Copy of IRS 501(c) determination letter",
        "Proof of 5+ years operation in Illinois",
        "List of officers and game managers",
        "Description of games to be conducted",
        "License fee payment"
      ],
      "legal_citation": "230 ILCS 30/ - Illinois Pull Tabs and Jar Games Act",
      "contact_phone": "217-785-9051",
      "notes": "Required for pull tabs, jar games, and other charitable games. Organization must be in existence for 5+ years. Proceeds must be used for lawful purposes. Annual reporting required."
    },
    {
      "requirement_id": "IL-008",
      "requirement_type": "Professional Fundraiser",
      "requirement_name": "Professional Fundraiser Registration",
      "filing_agency": "Illinois Attorney General - Charitable Trust and Solicitation Bureau",
      "frequency": "annual",
      "due_date_calculation": "anniversary_month",
      "due_date_specifics": "Renewed annually from initial registration date",
      "fee_amount": 300.00,
      "form_number": "Form PFC-1 - Professional Fund Raiser Registration",
      "form_url": "https://illinoisattorneygeneral.gov/charities/pfc1.pdf",
      "online_filing_available": true,
      "online_filing_url": "https://apps.illinoisattorneygeneral.gov/charities/",
      "required_information": [
        "Business information and ownership structure",
        "List of officers and management",
        "$25,000 surety bond",
        "Sample contracts with charity clients",
        "Financial statement",
        "Registration fee payment ($300)"
      ],
      "legal_citation": "225 ILCS 460/7",
      "contact_phone": "312-814-2595",
      "contact_email": "charitabletrust@atg.state.il.us",
      "notes": "Required for paid professional fundraisers who solicit on behalf of charities. Each contract must be filed within 10 days. Bond must remain in force during registration period."
    },
    {
      "requirement_id": "IL-009",
      "requirement_type": "Professional Fundraiser",
      "requirement_name": "Fund Raising Counsel Registration",
      "filing_agency": "Illinois Attorney General - Charitable Trust and Solicitation Bureau",
      "frequency": "annual",
      "due_date_calculation": "anniversary_month",
      "due_date_specifics": "Renewed annually from initial registration date",
      "fee_amount": 300.00,
      "form_number": "Form FRC-1 - Fund Raising Counsel Registration",
      "form_url": "https://illinoisattorneygeneral.gov/charities/frc1.pdf",
      "online_filing_available": true,
      "online_filing_url": "https://apps.illinoisattorneygeneral.gov/charities/",
      "required_information": [
        "Business information and ownership",
        "List of officers and management",
        "Sample contracts with charity clients",
        "Financial statement",
        "Registration fee payment ($300)"
      ],
      "legal_citation": "225 ILCS 460/8",
      "contact_phone": "312-814-2595",
      "contact_email": "charitabletrust@atg.state.il.us",
      "notes": "Fundraising counsel provides consulting but does not solicit or handle contributions. No bond required. Each contract must be filed within 10 days of execution."
    },
    {
      "requirement_id": "IL-010",
      "requirement_type": "Annual Report",
      "requirement_name": "Independent Financial Audit",
      "filing_agency": "Internal requirement - filed with board and included in AG990-IL filing if required",
      "frequency": "annual",
      "due_date_calculation": "fiscal_year_end_plus_days",
      "due_date_days_after_fiscal_year_end": 180,
      "due_date_specifics": "Within 180 days after fiscal year end (completed before AG990-IL due date)",
      "fee_amount": 0.00,
      "required_information": [
        "Independent auditor's report",
        "Audited financial statements",
        "Notes to financial statements",
        "Management letter (if applicable)"
      ],
      "legal_citation": "225 ILCS 460/3(c)",
      "notes": "Illinois requires audited financial statements for organizations with gross support over $300,000. Organizations between $100,000-$300,000 must have financial review. Organizations under $100,000 may file internally prepared statements. Audit must be performed by independent CPA."
    }
  ],
  "special_notes": {
    "registration_thresholds": "Illinois has a $15,000 contribution threshold for charitable registration. Organizations under $15,000 without professional fundraisers are exempt from registration but not from other laws.",
    "annual_filing_fees": "Both initial registration and annual renewal fees are $15 for charitable organizations, making Illinois one of the most affordable states for compliance.",
    "board_requirements": "Illinois nonprofit corporations must have at least three directors. Directors need not be Illinois residents. Board must meet requirements specified in bylaws.",
    "five_year_rule": "Illinois gaming laws require organizations to be in existence for at least 5 years before conducting raffles or charitable games. This is longer than most states.",
    "raffle_prize_limits": "Illinois raffles have specific prize limits: $75,000 for single event raffles, $300,000 aggregate for all raffles per year. Statewide raffles have different rules.",
    "political_activity_limits": "501(c)(3) organizations must comply with federal restrictions on political campaign intervention and lobbying activities. Illinois reinforces these federal limits.",
    "professional_fundraiser_contracts": "All contracts with professional fundraisers or fundraising counsel must be filed with the Attorney General within 10 days of execution.",
    "charitable_trust_reporting": "Illinois requires charitable trusts to register and report separately. Organizations holding assets in trust have additional reporting obligations.",
    "audit_threshold": "Illinois audit threshold is $300,000 in gross support. This is mid-range compared to other states. Review threshold is $100,000.",
    "dissolution_requirements": "Upon dissolution, assets must be distributed to organizations with similar charitable purposes. Attorney General must be notified of dissolution plans.",
    "unrelated_business_income": "Organizations with unrelated business income over $1,000 must file IRS Form 990-T and Illinois Corporate Income and Replacement Tax (IL-1041) if conducting business in Illinois.",
    "sales_tax_exemption_use": "To claim sales tax exemption, nonprofits must provide vendors with Form CRT-61 (Sales Tax Exemption Certificate) along with their E-number.",
    "property_tax_strictness": "Illinois property tax exemption requires actual charitable use. Property producing net income may not qualify even if owned by nonprofit."
  },
  "helpful_links": [
    {
      "title": "Illinois Attorney General - Charities Bureau",
      "url": "https://illinoisattorneygeneral.gov/charities/",
      "description": "Charitable organization registration, annual reports, forms, and online filing portal"
    },
    {
      "title": "Illinois Attorney General - Charity Search",
      "url": "https://apps.illinoisattorneygeneral.gov/charities/",
      "description": "Search database of registered charities and file reports online"
    },
    {
      "title": "Illinois Secretary of State - Business Services",
      "url": "https://www.ilsos.gov/departments/business_services/",
      "description": "Incorporation, annual reports, corporate filings, and business entity searches"
    },
    {
      "title": "Illinois Secretary of State - NFP Annual Report",
      "url": "https://www.ilsos.gov/departments/business_services/nfp.html",
      "description": "Not-for-profit annual report information, forms, and online filing"
    },
    {
      "title": "Illinois Department of Revenue",
      "url": "https://www2.illinois.gov/rev/",
      "description": "Sales tax exemption, registration, tax forms, and MyTax Illinois portal"
    },
    {
      "title": "Illinois Department of Revenue - Charitable Games",
      "url": "https://www2.illinois.gov/rev/localgovernments/charitablegames/Pages/default.aspx",
      "description": "Pull tabs, jar games, and charitable gaming licenses and compliance"
    },
    {
      "title": "Illinois General Assembly - Solicitation for Charity Act",
      "url": "https://www.ilga.gov/legislation/ilcs/ilcs3.asp?ActID=2297&ChapterID=62",
      "description": "Full text of Illinois charitable solicitation law (225 ILCS 460/)"
    }
  ]
}
