{
  "jurisdiction_code": "LA",
  "jurisdiction_name": "Louisiana",
  "jurisdiction_type": "state",
  "last_updated": "2025-11-12",
  "data_version": "1.0",
  "sources": [{"source_name": "Louisiana Secretary of State", "source_url": "https://www.sos.la.gov/", "last_accessed": "2025-11-12"}, {"source_name": "Louisiana Attorney General", "source_url": "https://www.ag.state.la.us/", "last_accessed": "2025-11-12"}],
  "incorporation_agency": "Louisiana Secretary of State - Commercial Division",
  "charitable_registration_agency": "Louisiana Attorney General - Charitable Organizations Section",
  "exemption_threshold_note": "Organizations with gross revenue under $25,000 annually may be exempt. Religious organizations exempt.",
  "formation_requirements": {"minimum_directors": 3, "initial_filing_fee": 75.00, "certificate_of_formation": "Articles of Incorporation - Nonprofit Corporation", "filing_agency": "Louisiana Secretary of State", "publication_requirement": false, "registered_agent_required": true, "bylaws_filing_required": false},
  "requirements": [
    {"requirement_id": "LA-001", "requirement_type": "Annual Report", "requirement_name": "Annual Report", "filing_agency": "Louisiana Secretary of State", "frequency": "annual", "due_date_calculation": "anniversary_month", "due_date_specifics": "Anniversary month of incorporation", "fee_amount": 35.00, "legal_citation": "La. R.S. 12:211", "notes": "Annual report fee $35."},
    {"requirement_id": "LA-002", "requirement_type": "Charitable Solicitation", "requirement_name": "Initial Charitable Organization Registration", "filing_agency": "Louisiana Attorney General", "frequency": "one-time", "due_date_calculation": "event_triggered", "fee_amount": 25.00, "legal_citation": "La. R.S. 51:1901", "notes": "Initial registration $25."},
    {"requirement_id": "LA-003", "requirement_type": "Charitable Solicitation", "requirement_name": "Annual Charitable Financial Report", "filing_agency": "Louisiana Attorney General", "frequency": "annual", "due_date_calculation": "fiscal_year_end_plus_days", "due_date_days_after_fiscal_year_end": 180, "fee_amount": 25.00, "notes": "Annual report $25."},
    {"requirement_id": "LA-004", "requirement_type": "Sales Tax Exemption", "requirement_name": "Louisiana Sales Tax Exemption Certificate", "filing_agency": "Louisiana Department of Revenue", "frequency": "one-time", "due_date_calculation": "event_triggered", "fee_amount": 0.00, "form_number": "Form R-1048 - Exemption Certificate", "legal_citation": "La. R.S. 47:301", "notes": "Qualifying 501(c)(3) organizations exempt."},
    {"requirement_id": "LA-005", "requirement_type": "Property Tax Exemption", "requirement_name": "Property Tax Exemption Application", "filing_agency": "Parish Assessor", "frequency": "annual", "due_date_calculation": "fixed_date", "due_date_specifics": "September 1st annually", "fee_amount": 0.00, "legal_citation": "La. Const. Art. VII, § 21", "notes": "Annual application by September 1st."},
    {"requirement_id": "LA-006", "requirement_type": "Raffle/Gaming", "requirement_name": "Raffle License", "filing_agency": "Louisiana State Police - Gaming Section", "frequency": "per_event", "due_date_calculation": "event_triggered", "fee_amount": 100.00, "legal_citation": "La. R.S. 4:707", "notes": "Raffles permitted for qualified nonprofits. $100 license fee."},
    {"requirement_id": "LA-007", "requirement_type": "Professional Fundraiser", "requirement_name": "Professional Solicitor Registration", "filing_agency": "Louisiana Attorney General", "frequency": "annual", "due_date_calculation": "anniversary_month", "fee_amount": 250.00, "notes": "$250 fee. Bond required."},
    {"requirement_id": "LA-008", "requirement_type": "Annual Report", "requirement_name": "Independent Financial Audit", "filing_agency": "Internal requirement", "frequency": "annual", "due_date_calculation": "fiscal_year_end_plus_days", "due_date_days_after_fiscal_year_end": 180, "fee_amount": 0.00, "notes": "No statutory audit requirement."}
  ],
  "special_notes": {"parish_system": "Louisiana uses parishes instead of counties.", "raffle_license_fee": "Louisiana charges $100 for raffle licenses, higher than most states."},
  "helpful_links": [{"title": "Louisiana Secretary of State", "url": "https://www.sos.la.gov/", "description": "Incorporation and compliance"}]
}
