{
  "jurisdiction_code": "MT",
  "jurisdiction_name": "Montana",
  "jurisdiction_type": "state",
  "last_updated": "2025-11-12",
  "data_version": "1.0",
  "sources": [{"source_name": "Montana Secretary of State", "source_url": "https://sosmt.gov/", "last_accessed": "2025-11-12"}],
  "incorporation_agency": "Montana Secretary of State - Business Services",
  "charitable_registration_agency": "Montana Department of Justice - Consumer Protection Office",
  "exemption_threshold_note": "Organizations with gross revenue under $25,000 annually may be exempt. Religious organizations exempt.",
  "formation_requirements": {"minimum_directors": 3, "initial_filing_fee": 70.00, "certificate_of_formation": "Articles of Incorporation - Nonprofit Corporation", "filing_agency": "Montana Secretary of State", "publication_requirement": false, "registered_agent_required": true, "bylaws_filing_required": false},
  "requirements": [
    {"requirement_id": "MT-001", "requirement_type": "Annual Report", "requirement_name": "Annual Report", "filing_agency": "Montana Secretary of State", "frequency": "annual", "due_date_calculation": "anniversary_month", "due_date_specifics": "April 15th each year", "fee_amount": 20.00, "legal_citation": "MCA § 35-2-905", "notes": "Annual report fee $20. Due April 15th for all nonprofits."},
    {"requirement_id": "MT-002", "requirement_type": "Charitable Solicitation", "requirement_name": "Initial Charitable Organization Registration", "filing_agency": "Montana Department of Justice", "frequency": "one-time", "due_date_calculation": "event_triggered", "fee_amount": 0.00, "legal_citation": "MCA § 44-6-203", "notes": "Registration is free."},
    {"requirement_id": "MT-003", "requirement_type": "Charitable Solicitation", "requirement_name": "Annual Charitable Financial Report", "filing_agency": "Montana Department of Justice", "frequency": "annual", "due_date_calculation": "fiscal_year_end_plus_days", "due_date_days_after_fiscal_year_end": 180, "fee_amount": 0.00, "notes": "Annual report is free."},
    {"requirement_id": "MT-004", "requirement_type": "Sales Tax Exemption", "requirement_name": "No State Sales Tax", "filing_agency": "Not applicable", "frequency": "not_applicable", "due_date_calculation": "not_applicable", "fee_amount": 0.00, "notes": "Montana has no state sales tax."},
    {"requirement_id": "MT-005", "requirement_type": "Property Tax Exemption", "requirement_name": "Property Tax Exemption Application", "filing_agency": "County Department of Revenue", "frequency": "one-time", "due_date_calculation": "event_triggered", "fee_amount": 0.00, "legal_citation": "MCA § 15-6-201", "notes": "Property used exclusively for charitable purposes may be exempt."},
    {"requirement_id": "MT-006", "requirement_type": "Raffle/Gaming", "requirement_name": "Raffle License", "filing_agency": "Montana Department of Justice - Gambling Control Division", "frequency": "per_event", "due_date_calculation": "event_triggered", "fee_amount": 0.00, "legal_citation": "MCA § 23-5-151", "notes": "Raffles permitted for qualified nonprofits."},
    {"requirement_id": "MT-007", "requirement_type": "Professional Fundraiser", "requirement_name": "Professional Solicitor Registration", "filing_agency": "Montana Department of Justice", "frequency": "annual", "due_date_calculation": "anniversary_month", "fee_amount": 200.00, "notes": "$200 fee. Bond required."},
    {"requirement_id": "MT-008", "requirement_type": "Annual Report", "requirement_name": "Independent Financial Audit", "filing_agency": "Internal requirement", "frequency": "annual", "due_date_calculation": "fiscal_year_end_plus_days", "due_date_days_after_fiscal_year_end": 180, "fee_amount": 0.00, "notes": "No statutory audit requirement."}
  ],
  "special_notes": {"no_sales_tax": "Montana has no state sales tax.", "free_charity_filings": "All charitable registration and renewals are free.", "low_fees": "Montana has very affordable fees across the board."},
  "helpful_links": [{"title": "Montana Secretary of State", "url": "https://sosmt.gov/", "description": "Incorporation and compliance"}]
}
