{
  "jurisdiction_code": "NM",
  "jurisdiction_name": "New Mexico",
  "jurisdiction_type": "state",
  "last_updated": "2025-11-12",
  "data_version": "1.0",
  "sources": [{"source_name": "New Mexico Secretary of State", "source_url": "https://www.sos.state.nm.us/", "last_accessed": "2025-11-12"}, {"source_name": "New Mexico Attorney General", "source_url": "https://www.nmag.gov/", "last_accessed": "2025-11-12"}],
  "incorporation_agency": "New Mexico Public Regulation Commission - Corporations Bureau",
  "charitable_registration_agency": "New Mexico Attorney General - Consumer Protection Division",
  "exemption_threshold_note": "Organizations with gross revenue under $25,000 annually may be exempt. Religious organizations exempt.",
  "formation_requirements": {"minimum_directors": 3, "initial_filing_fee": 25.00, "certificate_of_formation": "Articles of Incorporation - Nonprofit Corporation", "filing_agency": "New Mexico Public Regulation Commission", "publication_requirement": false, "registered_agent_required": true, "bylaws_filing_required": false},
  "requirements": [
    {"requirement_id": "NM-001", "requirement_type": "Annual Report", "requirement_name": "Biennial Report", "filing_agency": "New Mexico Public Regulation Commission", "frequency": "biennial", "due_date_calculation": "anniversary_month", "due_date_specifics": "15th day of anniversary month (odd or even years based on formation)", "fee_amount": 25.00, "legal_citation": "NMSA § 53-8-31", "notes": "Biennial report fee $25."},
    {"requirement_id": "NM-002", "requirement_type": "Charitable Solicitation", "requirement_name": "Initial Charitable Organization Registration", "filing_agency": "New Mexico Attorney General", "frequency": "one-time", "due_date_calculation": "event_triggered", "fee_amount": 0.00, "legal_citation": "NMSA § 57-22-6", "notes": "Registration is free."},
    {"requirement_id": "NM-003", "requirement_type": "Charitable Solicitation", "requirement_name": "Annual Charitable Financial Report", "filing_agency": "New Mexico Attorney General", "frequency": "annual", "due_date_calculation": "fiscal_year_end_plus_days", "due_date_days_after_fiscal_year_end": 180, "fee_amount": 0.00, "notes": "Annual report is free."},
    {"requirement_id": "NM-004", "requirement_type": "Sales Tax Exemption", "requirement_name": "New Mexico Gross Receipts Tax Exemption", "filing_agency": "New Mexico Taxation and Revenue Department", "frequency": "one-time", "due_date_calculation": "event_triggered", "fee_amount": 0.00, "form_number": "Form ACD-31015 - Nontaxable Transaction Certificate", "legal_citation": "NMSA § 7-9-93", "notes": "New Mexico has Gross Receipts Tax instead of sales tax. Qualifying nonprofits may be exempt."},
    {"requirement_id": "NM-005", "requirement_type": "Property Tax Exemption", "requirement_name": "Property Tax Exemption Application", "filing_agency": "County Assessor", "frequency": "annual", "due_date_calculation": "fixed_date", "due_date_specifics": "Last day of February annually", "fee_amount": 0.00, "legal_citation": "NMSA § 7-36-7", "notes": "Annual application by end of February."},
    {"requirement_id": "NM-006", "requirement_type": "Raffle/Gaming", "requirement_name": "Raffle License", "filing_agency": "New Mexico Gaming Control Board", "frequency": "per_event", "due_date_calculation": "event_triggered", "fee_amount": 50.00, "legal_citation": "NMSA § 60-2F-5", "notes": "Raffles permitted for qualified nonprofits. $50 license fee."},
    {"requirement_id": "NM-007", "requirement_type": "Professional Fundraiser", "requirement_name": "Professional Solicitor Registration", "filing_agency": "New Mexico Attorney General", "frequency": "annual", "due_date_calculation": "anniversary_month", "fee_amount": 200.00, "notes": "$200 fee. Bond required."},
    {"requirement_id": "NM-008", "requirement_type": "Annual Report", "requirement_name": "Independent Financial Audit", "filing_agency": "Internal requirement", "frequency": "annual", "due_date_calculation": "fiscal_year_end_plus_days", "due_date_days_after_fiscal_year_end": 180, "fee_amount": 0.00, "notes": "No statutory audit requirement."}
  ],
  "special_notes": {"biennial_reporting": "New Mexico requires biennial corporate reports, not annual.", "gross_receipts_tax": "New Mexico has Gross Receipts Tax instead of traditional sales tax.", "low_fees": "All fees in New Mexico are very affordable."},
  "helpful_links": [{"title": "New Mexico Public Regulation Commission", "url": "https://www.sos.state.nm.us/", "description": "Incorporation and compliance"}]
}
