{
  "jurisdiction_code": "NV",
  "jurisdiction_name": "Nevada",
  "jurisdiction_type": "state",
  "last_updated": "2025-11-12",
  "data_version": "1.0",
  "sources": [{"source_name": "Nevada Secretary of State", "source_url": "https://www.nvsos.gov/", "last_accessed": "2025-11-12"}],
  "incorporation_agency": "Nevada Secretary of State - Commercial Recordings Division",
  "charitable_registration_agency": "Nevada Secretary of State - Consumer Affairs Division",
  "exemption_threshold_note": "Organizations with gross revenue under $25,000 annually may be exempt. Religious organizations exempt.",
  "formation_requirements": {"minimum_directors": 1, "initial_filing_fee": 75.00, "certificate_of_formation": "Articles of Incorporation - Nonprofit Corporation", "filing_agency": "Nevada Secretary of State", "publication_requirement": false, "registered_agent_required": true, "bylaws_filing_required": false, "notes": "Nevada allows single-director nonprofits."},
  "requirements": [
    {"requirement_id": "NV-001", "requirement_type": "Annual Report", "requirement_name": "Annual List of Officers", "filing_agency": "Nevada Secretary of State", "frequency": "annual", "due_date_calculation": "anniversary_month", "due_date_specifics": "Last day of anniversary month", "fee_amount": 25.00, "legal_citation": "NRS 82.193", "notes": "Annual list fee $25."},
    {"requirement_id": "NV-002", "requirement_type": "Charitable Solicitation", "requirement_name": "Initial Charitable Organization Registration", "filing_agency": "Nevada Secretary of State", "frequency": "one-time", "due_date_calculation": "event_triggered", "fee_amount": 50.00, "legal_citation": "NRS 598.485", "notes": "Initial registration $50."},
    {"requirement_id": "NV-003", "requirement_type": "Charitable Solicitation", "requirement_name": "Annual Charitable Registration Renewal", "filing_agency": "Nevada Secretary of State", "frequency": "annual", "due_date_calculation": "fiscal_year_end_plus_days", "due_date_days_after_fiscal_year_end": 180, "fee_amount": 50.00, "notes": "Annual renewal $50."},
    {"requirement_id": "NV-004", "requirement_type": "Sales Tax Exemption", "requirement_name": "Nevada Sales Tax Exemption Certificate", "filing_agency": "Nevada Department of Taxation", "frequency": "one-time", "due_date_calculation": "event_triggered", "fee_amount": 0.00, "form_number": "Nevada Partial Sales Tax Abatement Certificate", "legal_citation": "NRS 372.326", "notes": "Nevada offers partial sales tax abatement for qualifying nonprofits."},
    {"requirement_id": "NV-005", "requirement_type": "Property Tax Exemption", "requirement_name": "Property Tax Exemption Application", "filing_agency": "County Assessor", "frequency": "one-time", "due_date_calculation": "event_triggered", "fee_amount": 0.00, "legal_citation": "NRS 361.125", "notes": "Property used exclusively for charitable purposes may be exempt."},
    {"requirement_id": "NV-006", "requirement_type": "Raffle/Gaming", "requirement_name": "Raffle License", "filing_agency": "Nevada Gaming Control Board", "frequency": "per_event", "due_date_calculation": "event_triggered", "fee_amount": 25.00, "legal_citation": "NRS 462.140", "notes": "Raffles permitted for qualified nonprofits. $25 license fee."},
    {"requirement_id": "NV-007", "requirement_type": "Professional Fundraiser", "requirement_name": "Professional Solicitor Registration", "filing_agency": "Nevada Secretary of State", "frequency": "annual", "due_date_calculation": "anniversary_month", "fee_amount": 250.00, "notes": "$250 fee. Bond required."},
    {"requirement_id": "NV-008", "requirement_type": "Annual Report", "requirement_name": "Independent Financial Audit", "filing_agency": "Internal requirement", "frequency": "annual", "due_date_calculation": "fiscal_year_end_plus_days", "due_date_days_after_fiscal_year_end": 180, "fee_amount": 0.00, "notes": "No statutory audit requirement."}
  ],
  "special_notes": {"no_state_income_tax": "Nevada has no state income tax.", "single_director": "Nevada allows single-director nonprofits.", "gaming_state": "Nevada has unique gaming laws due to casino industry."},
  "helpful_links": [{"title": "Nevada Secretary of State", "url": "https://www.nvsos.gov/", "description": "Incorporation and charitable registration"}]
}
