{
  "jurisdiction_code": "OK",
  "jurisdiction_name": "Oklahoma",
  "jurisdiction_type": "state",
  "last_updated": "2025-11-12",
  "data_version": "1.0",
  "sources": [{"source_name": "Oklahoma Secretary of State", "source_url": "https://www.sos.ok.gov/", "last_accessed": "2025-11-12"}],
  "incorporation_agency": "Oklahoma Secretary of State",
  "charitable_registration_agency": "Oklahoma Secretary of State - Consumer Protection Unit",
  "exemption_threshold_note": "Organizations with gross revenue under $25,000 annually may be exempt. Religious organizations exempt.",
  "formation_requirements": {"minimum_directors": 3, "initial_filing_fee": 25.00, "certificate_of_formation": "Certificate of Incorporation - Nonprofit Corporation", "filing_agency": "Oklahoma Secretary of State", "publication_requirement": false, "registered_agent_required": true, "bylaws_filing_required": false},
  "requirements": [
    {"requirement_id": "OK-001", "requirement_type": "Annual Report", "requirement_name": "No Annual Report Required", "filing_agency": "Oklahoma Secretary of State", "frequency": "not_required", "due_date_calculation": "not_applicable", "fee_amount": 0.00, "legal_citation": "18 O.S. § 1031", "notes": "Oklahoma does NOT require annual reports for nonprofit corporations."},
    {"requirement_id": "OK-002", "requirement_type": "Charitable Solicitation", "requirement_name": "Initial Charitable Organization Registration", "filing_agency": "Oklahoma Secretary of State", "frequency": "one-time", "due_date_calculation": "event_triggered", "fee_amount": 15.00, "legal_citation": "18 O.S. § 552.2", "notes": "Initial registration $15."},
    {"requirement_id": "OK-003", "requirement_type": "Charitable Solicitation", "requirement_name": "Annual Charitable Financial Report", "filing_agency": "Oklahoma Secretary of State", "frequency": "annual", "due_date_calculation": "fiscal_year_end_plus_days", "due_date_days_after_fiscal_year_end": 180, "fee_amount": 15.00, "notes": "Annual report $15."},
    {"requirement_id": "OK-004", "requirement_type": "Sales Tax Exemption", "requirement_name": "Oklahoma Sales Tax Exemption Certificate", "filing_agency": "Oklahoma Tax Commission", "frequency": "one-time", "due_date_calculation": "event_triggered", "fee_amount": 0.00, "form_number": "Form 13-10-E - Exemption Certificate", "legal_citation": "68 O.S. § 1356", "notes": "Qualifying 501(c)(3) organizations exempt."},
    {"requirement_id": "OK-005", "requirement_type": "Property Tax Exemption", "requirement_name": "Property Tax Exemption Application", "filing_agency": "County Assessor", "frequency": "annual", "due_date_calculation": "fixed_date", "due_date_specifics": "March 15th annually", "fee_amount": 0.00, "legal_citation": "68 O.S. § 2889", "notes": "Annual application by March 15th."},
    {"requirement_id": "OK-006", "requirement_type": "Raffle/Gaming", "requirement_name": "Charitable Gaming License", "filing_agency": "Oklahoma Horse Racing Commission", "frequency": "annual", "due_date_calculation": "calendar_year", "fee_amount": 50.00, "legal_citation": "3A O.S. § 419", "notes": "Required for charitable gaming including raffles."},
    {"requirement_id": "OK-007", "requirement_type": "Professional Fundraiser", "requirement_name": "Professional Solicitor Registration", "filing_agency": "Oklahoma Secretary of State", "frequency": "annual", "due_date_calculation": "anniversary_month", "fee_amount": 200.00, "notes": "$200 fee. Bond required."},
    {"requirement_id": "OK-008", "requirement_type": "Annual Report", "requirement_name": "Independent Financial Audit", "filing_agency": "Internal requirement", "frequency": "annual", "due_date_calculation": "fiscal_year_end_plus_days", "due_date_days_after_fiscal_year_end": 180, "fee_amount": 0.00, "notes": "No statutory audit requirement."}
  ],
  "special_notes": {"no_corporate_report": "Oklahoma does NOT require annual corporate reports.", "low_fees": "All fees in Oklahoma are very affordable."},
  "helpful_links": [{"title": "Oklahoma Secretary of State", "url": "https://www.sos.ok.gov/", "description": "Incorporation and charitable registration"}]
}
