{
  "jurisdiction_code": "OR",
  "jurisdiction_name": "Oregon",
  "jurisdiction_type": "state",
  "last_updated": "2025-11-12",
  "data_version": "1.0",
  "sources": [{"source_name": "Oregon Secretary of State", "source_url": "https://sos.oregon.gov/", "last_accessed": "2025-11-12"}, {"source_name": "Oregon Department of Justice", "source_url": "https://www.doj.state.or.us/", "last_accessed": "2025-11-12"}],
  "incorporation_agency": "Oregon Secretary of State - Business Registry",
  "charitable_registration_agency": "Oregon Department of Justice - Charitable Activities Section",
  "exemption_threshold_note": "Organizations with gross revenue under $25,000 annually may file simplified registration. Religious organizations exempt.",
  "formation_requirements": {"minimum_directors": 1, "initial_filing_fee": 50.00, "certificate_of_formation": "Articles of Incorporation - Nonprofit Corporation", "filing_agency": "Oregon Secretary of State", "publication_requirement": false, "registered_agent_required": true, "bylaws_filing_required": false, "notes": "Oregon allows single-director nonprofits."},
  "requirements": [
    {"requirement_id": "OR-001", "requirement_type": "Annual Report", "requirement_name": "Annual Report", "filing_agency": "Oregon Secretary of State", "frequency": "annual", "due_date_calculation": "anniversary_month", "due_date_specifics": "Anniversary month of incorporation", "fee_amount": 100.00, "legal_citation": "ORS 65.787", "notes": "Annual report fee $100."},
    {"requirement_id": "OR-002", "requirement_type": "Charitable Solicitation", "requirement_name": "Initial Charitable Organization Registration", "filing_agency": "Oregon Department of Justice", "frequency": "one-time", "due_date_calculation": "event_triggered", "fee_amount": 0.00, "legal_citation": "ORS 128.610", "notes": "Initial registration is free."},
    {"requirement_id": "OR-003", "requirement_type": "Charitable Solicitation", "requirement_name": "Annual Charitable Financial Report", "filing_agency": "Oregon Department of Justice", "frequency": "annual", "due_date_calculation": "fiscal_year_end_plus_days", "due_date_days_after_fiscal_year_end": 180, "fee_amount": 0.00, "notes": "Annual report is free."},
    {"requirement_id": "OR-004", "requirement_type": "Sales Tax Exemption", "requirement_name": "No State Sales Tax", "filing_agency": "Not applicable", "frequency": "not_applicable", "due_date_calculation": "not_applicable", "fee_amount": 0.00, "notes": "Oregon has no state sales tax, so no sales tax exemption needed."},
    {"requirement_id": "OR-005", "requirement_type": "Property Tax Exemption", "requirement_name": "Property Tax Exemption Application", "filing_agency": "County Assessor", "frequency": "annual", "due_date_calculation": "fixed_date", "due_date_specifics": "April 1st annually", "fee_amount": 0.00, "legal_citation": "ORS 307.166", "notes": "Annual application by April 1st."},
    {"requirement_id": "OR-006", "requirement_type": "Raffle/Gaming", "requirement_name": "Raffle License", "filing_agency": "Oregon Department of Justice - Charitable Activities Section", "frequency": "per_event", "due_date_calculation": "event_triggered", "fee_amount": 0.00, "legal_citation": "ORS 464.370", "notes": "Raffles permitted for qualified nonprofits. No license fee."},
    {"requirement_id": "OR-007", "requirement_type": "Professional Fundraiser", "requirement_name": "Professional Solicitor Registration", "filing_agency": "Oregon Department of Justice", "frequency": "annual", "due_date_calculation": "anniversary_month", "fee_amount": 250.00, "notes": "$250 fee. Bond required."},
    {"requirement_id": "OR-008", "requirement_type": "Annual Report", "requirement_name": "Independent Financial Audit", "filing_agency": "Internal requirement", "frequency": "annual", "due_date_calculation": "fiscal_year_end_plus_days", "due_date_days_after_fiscal_year_end": 180, "fee_amount": 0.00", "notes": "No statutory audit requirement."}
  ],
  "special_notes": {"no_sales_tax": "Oregon has no state sales tax, unique among larger states.", "free_charity_filing": "Charitable registration and renewals are free.", "high_corporate_fee": "Corporate annual report fee of $100 is relatively high."},
  "helpful_links": [{"title": "Oregon Secretary of State", "url": "https://sos.oregon.gov/", "description": "Incorporation and compliance"}]
}
