{
  "jurisdiction_code": "PR",
  "jurisdiction_name": "Puerto Rico",
  "jurisdiction_type": "territory",
  "last_updated": "2025-11-12",
  "data_version": "1.0",
  "sources": [{"source_name": "Puerto Rico Department of State", "source_url": "https://estado.pr.gov/", "last_accessed": "2025-11-12"}, {"source_name": "Puerto Rico Department of Justice", "source_url": "https://www.justicia.pr.gov/", "last_accessed": "2025-11-12"}],
  "incorporation_agency": "Puerto Rico Department of State - Corporations Division",
  "charitable_registration_agency": "Puerto Rico Department of Justice - Consumer Affairs",
  "exemption_threshold_note": "Organizations with gross revenue under $25,000 annually may be exempt. Religious organizations exempt.",
  "formation_requirements": {"minimum_directors": 3, "initial_filing_fee": 150.00, "certificate_of_formation": "Articles of Incorporation - Nonprofit Corporation (Corporación sin Fines de Lucro)", "filing_agency": "Puerto Rico Department of State", "publication_requirement": false, "registered_agent_required": true, "bylaws_filing_required": false, "notes": "Puerto Rico follows civil law tradition with influences from Spanish law. Bilingual filings accepted."},
  "requirements": [
    {"requirement_id": "PR-001", "requirement_type": "Annual Report", "requirement_name": "Annual Report (Informe Anual)", "filing_agency": "Puerto Rico Department of State", "frequency": "annual", "due_date_calculation": "anniversary_month", "due_date_specifics": "April 15th each year", "fee_amount": 150.00, "legal_citation": "14 LPRA § 3521", "notes": "Annual report fee $150. Due April 15th for all nonprofits."},
    {"requirement_id": "PR-002", "requirement_type": "Charitable Solicitation", "requirement_name": "Initial Charitable Organization Registration", "filing_agency": "Puerto Rico Department of Justice", "frequency": "one-time", "due_date_calculation": "event_triggered", "fee_amount": 100.00, "legal_citation": "3 LPRA § 467", "notes": "Initial registration $100."},
    {"requirement_id": "PR-003", "requirement_type": "Charitable Solicitation", "requirement_name": "Annual Charitable Financial Report", "filing_agency": "Puerto Rico Department of Justice", "frequency": "annual", "due_date_calculation": "fiscal_year_end_plus_days", "due_date_days_after_fiscal_year_end": 180, "fee_amount": 100.00, "notes": "Annual report $100."},
    {"requirement_id": "PR-004", "requirement_type": "Sales Tax Exemption", "requirement_name": "Puerto Rico Sales and Use Tax Exemption", "filing_agency": "Puerto Rico Department of Treasury (Hacienda)", "frequency": "one-time", "due_date_calculation": "event_triggered", "fee_amount": 0.00, "form_number": "Form SC 2914 - Exemption Certificate", "legal_citation": "13 LPRA § 30071", "notes": "Qualifying nonprofits may be exempt from 11.5% combined sales tax (IVU)."},
    {"requirement_id": "PR-005", "requirement_type": "Property Tax Exemption", "requirement_name": "Property Tax Exemption Application", "filing_agency": "Municipal Revenue Collection Center (CRIM)", "frequency": "annual", "due_date_calculation": "fixed_date", "due_date_specifics": "July 1st annually", "fee_amount": 0.00, "legal_citation": "21 LPRA § 5022", "notes": "Annual application by July 1st to Municipal Revenue Collection Center."},
    {"requirement_id": "PR-006", "requirement_type": "Raffle/Gaming", "requirement_name": "Gaming License", "filing_agency": "Puerto Rico Tourism Company - Gaming Board", "frequency": "annual", "due_date_calculation": "calendar_year", "fee_amount": 100.00, "legal_citation": "15 LPRA § 77a", "notes": "Required for charitable gaming including raffles and bingo."},
    {"requirement_id": "PR-007", "requirement_type": "Professional Fundraiser", "requirement_name": "Professional Solicitor Registration", "filing_agency": "Puerto Rico Department of Justice", "frequency": "annual", "due_date_calculation": "anniversary_month", "fee_amount": 300.00, "notes": "$300 fee. Bond required."},
    {"requirement_id": "PR-008", "requirement_type": "Annual Report", "requirement_name": "Independent Financial Audit", "filing_agency": "Internal requirement", "frequency": "annual", "due_date_calculation": "fiscal_year_end_plus_days", "due_date_days_after_fiscal_year_end": 180, "fee_amount": 0.00, "legal_citation": "3 LPRA § 469", "notes": "Audit required for organizations with revenue over $300,000."}
  ],
  "special_notes": {"civil_law_system": "Puerto Rico follows civil law tradition with influences from Spanish law, distinct from common law states.", "bilingual": "Documents may be filed in Spanish or English. Spanish name: 'Corporación sin Fines de Lucro'.", "ivu_tax": "Puerto Rico has 11.5% combined sales and use tax (IVU - Impuesto sobre Ventas y Uso).", "april_15_deadline": "All nonprofits must file annual reports by April 15th.", "audit_threshold": "$300,000 revenue threshold for mandatory audit is higher than many states.", "municipal_system": "Property taxes administered by Municipal Revenue Collection Center (CRIM), not individual municipalities."},
  "helpful_links": [{"title": "Puerto Rico Department of State", "url": "https://estado.pr.gov/", "description": "Incorporation and compliance (Bilingual)"}, {"title": "Municipal Revenue Collection Center (CRIM)", "url": "https://www.crim.pr.gov/", "description": "Property tax administration"}]
}
