{
  "jurisdiction_code": "VI",
  "jurisdiction_name": "U.S. Virgin Islands",
  "jurisdiction_type": "territory",
  "last_updated": "2025-11-12",
  "data_version": "1.0",
  "sources": [{"source_name": "U.S. Virgin Islands Office of the Lieutenant Governor", "source_url": "https://ltg.gov.vi/", "last_accessed": "2025-11-12"}, {"source_name": "U.S. Virgin Islands Department of Justice", "source_url": "https://doj.vi.gov/", "last_accessed": "2025-11-12"}],
  "incorporation_agency": "Office of the Lieutenant Governor - Division of Corporations and Trademarks",
  "charitable_registration_agency": "U.S. Virgin Islands Department of Justice - Consumer Services Division",
  "exemption_threshold_note": "Organizations with gross revenue under $25,000 annually may be exempt. Religious organizations exempt.",
  "formation_requirements": {"minimum_directors": 3, "initial_filing_fee": 200.00, "certificate_of_formation": "Articles of Incorporation - Nonprofit Corporation", "filing_agency": "Office of the Lieutenant Governor", "publication_requirement": false, "registered_agent_required": true, "bylaws_filing_required": false, "notes": "Higher filing fee reflects island territory costs."},
  "requirements": [
    {"requirement_id": "VI-001", "requirement_type": "Annual Report", "requirement_name": "Annual Report", "filing_agency": "Office of the Lieutenant Governor", "frequency": "annual", "due_date_calculation": "anniversary_month", "due_date_specifics": "End of anniversary month", "fee_amount": 200.00, "legal_citation": "13 V.I.C. § 202", "notes": "Annual report fee $200. Higher fees typical for island territories."},
    {"requirement_id": "VI-002", "requirement_type": "Charitable Solicitation", "requirement_name": "Initial Charitable Organization Registration", "filing_agency": "U.S. Virgin Islands Department of Justice", "frequency": "one-time", "due_date_calculation": "event_triggered", "fee_amount": 100.00, "legal_citation": "27 V.I.C. § 551", "notes": "Initial registration $100."},
    {"requirement_id": "VI-003", "requirement_type": "Charitable Solicitation", "requirement_name": "Annual Charitable Financial Report", "filing_agency": "U.S. Virgin Islands Department of Justice", "frequency": "annual", "due_date_calculation": "fiscal_year_end_plus_days", "due_date_days_after_fiscal_year_end": 180, "fee_amount": 100.00, "notes": "Annual report $100."},
    {"requirement_id": "VI-004", "requirement_type": "Sales Tax Exemption", "requirement_name": "Gross Receipts Tax Exemption", "filing_agency": "Virgin Islands Bureau of Internal Revenue", "frequency": "one-time", "due_date_calculation": "event_triggered", "fee_amount": 0.00, "form_number": "Form 720 - Gross Receipts Tax Return", "legal_citation": "33 V.I.C. § 52", "notes": "USVI has Gross Receipts Tax instead of sales tax. Qualifying nonprofits may be exempt."},
    {"requirement_id": "VI-005", "requirement_type": "Property Tax Exemption", "requirement_name": "Property Tax Exemption Application", "filing_agency": "Virgin Islands Tax Assessor", "frequency": "annual", "due_date_calculation": "fixed_date", "due_date_specifics": "March 31st annually", "fee_amount": 0.00, "legal_citation": "33 V.I.C. § 2402", "notes": "Annual application by March 31st."},
    {"requirement_id": "VI-006", "requirement_type": "Raffle/Gaming", "requirement_name": "Gaming License", "filing_agency": "Virgin Islands Lottery - Gaming Control Board", "frequency": "annual", "due_date_calculation": "calendar_year", "fee_amount": 150.00, "legal_citation": "32 V.I.C. § 105", "notes": "Required for charitable gaming. Higher island territory fee."},
    {"requirement_id": "VI-007", "requirement_type": "Professional Fundraiser", "requirement_name": "Professional Solicitor Registration", "filing_agency": "U.S. Virgin Islands Department of Justice", "frequency": "annual", "due_date_calculation": "anniversary_month", "fee_amount": 350.00, "notes": "$350 fee. Bond required."},
    {"requirement_id": "VI-008", "requirement_type": "Annual Report", "requirement_name": "Independent Financial Audit", "filing_agency": "Internal requirement", "frequency": "annual", "due_date_calculation": "fiscal_year_end_plus_days", "due_date_days_after_fiscal_year_end": 180, "fee_amount": 0.00, "notes": "No statutory audit requirement."}
  ],
  "special_notes": {"mirror_tax_system": "USVI uses 'mirror image' tax system - mirrors U.S. federal tax code but revenue goes to USVI government.", "three_islands": "Territory consists of three main islands: St. Croix, St. Thomas, and St. John.", "gross_receipts_tax": "USVI has Gross Receipts Tax instead of traditional sales tax.", "higher_fees": "Fees are generally higher than mainland states due to island territory costs.", "lieutenant_governor": "Corporations are administered by Office of the Lieutenant Governor, unique among U.S. jurisdictions."},
  "helpful_links": [{"title": "Office of the Lieutenant Governor", "url": "https://ltg.gov.vi/", "description": "Incorporation and compliance"}, {"title": "Virgin Islands Bureau of Internal Revenue", "url": "https://www.vibir.gov.vi/", "description": "Tax information"}]
}
