{
  "jurisdiction_code": "VT",
  "jurisdiction_name": "Vermont",
  "jurisdiction_type": "state",
  "last_updated": "2025-11-12",
  "data_version": "1.0",
  "sources": [{"source_name": "Vermont Secretary of State", "source_url": "https://sos.vermont.gov/", "last_accessed": "2025-11-12"}, {"source_name": "Vermont Attorney General", "source_url": "https://ago.vermont.gov/", "last_accessed": "2025-11-12"}],
  "incorporation_agency": "Vermont Secretary of State - Corporations Division",
  "charitable_registration_agency": "Vermont Attorney General - Public Protection Division",
  "exemption_threshold_note": "Organizations with gross revenue under $25,000 annually may be exempt. Religious organizations exempt.",
  "formation_requirements": {"minimum_directors": 1, "initial_filing_fee": 125.00, "certificate_of_formation": "Articles of Incorporation - Nonprofit Corporation", "filing_agency": "Vermont Secretary of State", "publication_requirement": false, "registered_agent_required": true, "bylaws_filing_required": false, "notes": "Vermont allows single-director nonprofits."},
  "requirements": [
    {"requirement_id": "VT-001", "requirement_type": "Annual Report", "requirement_name": "Annual Report", "filing_agency": "Vermont Secretary of State", "frequency": "annual", "due_date_calculation": "anniversary_month", "due_date_specifics": "End of anniversary month", "fee_amount": 35.00, "legal_citation": "11A V.S.A. § 16.22", "notes": "Annual report fee $35."},
    {"requirement_id": "VT-002", "requirement_type": "Charitable Solicitation", "requirement_name": "Initial Charitable Organization Registration", "filing_agency": "Vermont Attorney General", "frequency": "one-time", "due_date_calculation": "event_triggered", "fee_amount": 0.00, "legal_citation": "9 V.S.A. § 2472", "notes": "Initial registration is free."},
    {"requirement_id": "VT-003", "requirement_type": "Charitable Solicitation", "requirement_name": "Annual Charitable Financial Report", "filing_agency": "Vermont Attorney General", "frequency": "annual", "due_date_calculation": "fiscal_year_end_plus_days", "due_date_days_after_fiscal_year_end": 180, "fee_amount": 0.00, "notes": "Annual report is free."},
    {"requirement_id": "VT-004", "requirement_type": "Sales Tax Exemption", "requirement_name": "Vermont Sales Tax Exemption Certificate", "filing_agency": "Vermont Department of Taxes", "frequency": "one-time", "due_date_calculation": "event_triggered", "fee_amount": 0.00, "form_number": "Form S-3 - Exemption Certificate", "legal_citation": "32 V.S.A. § 9741", "notes": "Qualifying 501(c)(3) organizations exempt."},
    {"requirement_id": "VT-005", "requirement_type": "Property Tax Exemption", "requirement_name": "Property Tax Exemption Application", "filing_agency": "Town Listers", "frequency": "annual", "due_date_calculation": "fixed_date", "due_date_specifics": "April 1st annually", "fee_amount": 0.00, "legal_citation": "32 V.S.A. § 3802", "notes": "Annual application by April 1st."},
    {"requirement_id": "VT-006", "requirement_type": "Raffle/Gaming", "requirement_name": "Raffle Permit", "filing_agency": "Vermont Department of Liquor and Lottery", "frequency": "per_event", "due_date_calculation": "event_triggered", "fee_amount": 25.00, "legal_citation": "13 V.S.A. § 2143", "notes": "Raffles permitted for qualified nonprofits. $25 permit fee."},
    {"requirement_id": "VT-007", "requirement_type": "Professional Fundraiser", "requirement_name": "Professional Solicitor Registration", "filing_agency": "Vermont Attorney General", "frequency": "annual", "due_date_calculation": "anniversary_month", "fee_amount": 200.00, "notes": "$200 fee. Bond required."},
    {"requirement_id": "VT-008", "requirement_type": "Annual Report", "requirement_name": "Independent Financial Audit", "filing_agency": "Internal requirement", "frequency": "annual", "due_date_calculation": "fiscal_year_end_plus_days", "due_date_days_after_fiscal_year_end": 180, "fee_amount": 0.00, "notes": "No statutory audit requirement."}
  ],
  "special_notes": {"free_charity_filing": "Vermont provides free charitable registration and annual renewals.", "affordable_fees": "Vermont has relatively affordable fees across the board."},
  "helpful_links": [{"title": "Vermont Secretary of State", "url": "https://sos.vermont.gov/", "description": "Incorporation and compliance"}]
}
