{
  "jurisdiction_code": "WV",
  "jurisdiction_name": "West Virginia",
  "jurisdiction_type": "state",
  "last_updated": "2025-11-12",
  "data_version": "1.0",
  "sources": [{"source_name": "West Virginia Secretary of State", "source_url": "https://sos.wv.gov/", "last_accessed": "2025-11-12"}],
  "incorporation_agency": "West Virginia Secretary of State - Business & Licensing Division",
  "charitable_registration_agency": "West Virginia Secretary of State - Consumer Protection Division",
  "exemption_threshold_note": "Organizations with gross revenue under $25,000 annually may be exempt. Religious organizations exempt.",
  "formation_requirements": {"minimum_directors": 3, "initial_filing_fee": 100.00, "certificate_of_formation": "Articles of Incorporation - Nonprofit Corporation", "filing_agency": "West Virginia Secretary of State", "publication_requirement": false, "registered_agent_required": true, "bylaws_filing_required": false},
  "requirements": [
    {"requirement_id": "WV-001", "requirement_type": "Annual Report", "requirement_name": "Annual Report", "filing_agency": "West Virginia Secretary of State", "frequency": "annual", "due_date_calculation": "anniversary_month", "due_date_specifics": "Anniversary month of incorporation", "fee_amount": 25.00, "legal_citation": "W. Va. Code § 31E-1-1622", "notes": "Annual report fee $25."},
    {"requirement_id": "WV-002", "requirement_type": "Charitable Solicitation", "requirement_name": "Initial Charitable Organization Registration", "filing_agency": "West Virginia Secretary of State", "frequency": "one-time", "due_date_calculation": "event_triggered", "fee_amount": 15.00, "legal_citation": "W. Va. Code § 29-19-6", "notes": "Initial registration $15."},
    {"requirement_id": "WV-003", "requirement_type": "Charitable Solicitation", "requirement_name": "Annual Charitable Financial Report", "filing_agency": "West Virginia Secretary of State", "frequency": "annual", "due_date_calculation": "fiscal_year_end_plus_days", "due_date_days_after_fiscal_year_end": 180, "fee_amount": 15.00, "notes": "Annual report $15."},
    {"requirement_id": "WV-004", "requirement_type": "Sales Tax Exemption", "requirement_name": "West Virginia Sales Tax Exemption Certificate", "filing_agency": "West Virginia State Tax Department", "frequency": "one-time", "due_date_calculation": "event_triggered", "fee_amount": 0.00, "form_number": "Form WV/CST-286 - Sales and Use Tax Exempt Entity Exemption Certificate", "legal_citation": "W. Va. Code § 11-15-9", "notes": "Qualifying 501(c)(3) organizations exempt."},
    {"requirement_id": "WV-005", "requirement_type": "Property Tax Exemption", "requirement_name": "Property Tax Exemption Application", "filing_agency": "County Assessor", "frequency": "annual", "due_date_calculation": "fixed_date", "due_date_specifics": "September 1st annually", "fee_amount": 0.00, "legal_citation": "W. Va. Const. Art. X, § 1", "notes": "Annual application by September 1st."},
    {"requirement_id": "WV-006", "requirement_type": "Raffle/Gaming", "requirement_name": "Raffle License", "filing_agency": "West Virginia State Tax Department", "frequency": "per_event", "due_date_calculation": "event_triggered", "fee_amount": 0.00, "legal_citation": "W. Va. Code § 47-20-3", "notes": "Raffles permitted for qualified nonprofits."},
    {"requirement_id": "WV-007", "requirement_type": "Professional Fundraiser", "requirement_name": "Professional Solicitor Registration", "filing_agency": "West Virginia Secretary of State", "frequency": "annual", "due_date_calculation": "anniversary_month", "fee_amount": 100.00, "notes": "$100 fee. Bond required."},
    {"requirement_id": "WV-008", "requirement_type": "Annual Report", "requirement_name": "Independent Financial Audit", "filing_agency": "Internal requirement", "frequency": "annual", "due_date_calculation": "fiscal_year_end_plus_days", "due_date_days_after_fiscal_year_end": 180, "fee_amount": 0.00, "notes": "No statutory audit requirement."}
  ],
  "special_notes": {"low_charity_fees": "West Virginia charitable registration fees of $15 are among the lowest nationally."},
  "helpful_links": [{"title": "West Virginia Secretary of State", "url": "https://sos.wv.gov/", "description": "Incorporation and charitable registration"}]
}
