{
  "jurisdiction_code": "WY",
  "jurisdiction_name": "Wyoming",
  "jurisdiction_type": "state",
  "last_updated": "2025-11-12",
  "data_version": "1.0",
  "sources": [{"source_name": "Wyoming Secretary of State", "source_url": "https://sos.wyo.gov/", "last_accessed": "2025-11-12"}],
  "incorporation_agency": "Wyoming Secretary of State - Business Division",
  "charitable_registration_agency": "Wyoming Secretary of State - Charitable Organizations",
  "exemption_threshold_note": "Organizations with gross revenue under $25,000 annually may be exempt. Religious organizations exempt.",
  "formation_requirements": {"minimum_directors": 1, "initial_filing_fee": 100.00, "certificate_of_formation": "Articles of Incorporation - Nonprofit Corporation", "filing_agency": "Wyoming Secretary of State", "publication_requirement": false, "registered_agent_required": true, "bylaws_filing_required": false, "notes": "Wyoming allows single-director nonprofits."},
  "requirements": [
    {"requirement_id": "WY-001", "requirement_type": "Annual Report", "requirement_name": "Annual Report", "filing_agency": "Wyoming Secretary of State", "frequency": "annual", "due_date_calculation": "anniversary_month", "due_date_specifics": "First day of anniversary month", "fee_amount": 25.00, "legal_citation": "Wyo. Stat. § 17-19-1630", "notes": "Annual report fee $25. Very affordable."},
    {"requirement_id": "WY-002", "requirement_type": "Charitable Solicitation", "requirement_name": "Initial Charitable Organization Registration", "filing_agency": "Wyoming Secretary of State", "frequency": "one-time", "due_date_calculation": "event_triggered", "fee_amount": 20.00, "legal_citation": "Wyo. Stat. § 17-19-1501", "notes": "Initial registration $20."},
    {"requirement_id": "WY-003", "requirement_type": "Charitable Solicitation", "requirement_name": "Annual Charitable Financial Report", "filing_agency": "Wyoming Secretary of State", "frequency": "annual", "due_date_calculation": "fiscal_year_end_plus_days", "due_date_days_after_fiscal_year_end": 180, "fee_amount": 20.00, "notes": "Annual report $20."},
    {"requirement_id": "WY-004", "requirement_type": "Sales Tax Exemption", "requirement_name": "Wyoming Sales Tax Exemption Certificate", "filing_agency": "Wyoming Department of Revenue", "frequency": "one-time", "due_date_calculation": "event_triggered", "fee_amount": 0.00, "form_number": "Form ETS-1 - Exemption Certificate", "legal_citation": "Wyo. Stat. § 39-15-105", "notes": "Qualifying 501(c)(3) organizations exempt."},
    {"requirement_id": "WY-005", "requirement_type": "Property Tax Exemption", "requirement_name": "Property Tax Exemption Application", "filing_agency": "County Assessor", "frequency": "annual", "due_date_calculation": "fixed_date", "due_date_specifics": "May 1st annually", "fee_amount": 0.00, "legal_citation": "Wyo. Stat. § 39-11-105", "notes": "Annual application by May 1st."},
    {"requirement_id": "WY-006", "requirement_type": "Raffle/Gaming", "requirement_name": "Raffle License", "filing_agency": "Wyoming Gaming Commission", "frequency": "per_event", "due_date_calculation": "event_triggered", "fee_amount": 25.00, "legal_citation": "Wyo. Stat. § 6-7-101", "notes": "Raffles permitted for qualified nonprofits. $25 license fee."},
    {"requirement_id": "WY-007", "requirement_type": "Professional Fundraiser", "requirement_name": "Professional Solicitor Registration", "filing_agency": "Wyoming Secretary of State", "frequency": "annual", "due_date_calculation": "anniversary_month", "fee_amount": 200.00, "notes": "$200 fee. Bond required."},
    {"requirement_id": "WY-008", "requirement_type": "Annual Report", "requirement_name": "Independent Financial Audit", "filing_agency": "Internal requirement", "frequency": "annual", "due_date_calculation": "fiscal_year_end_plus_days", "due_date_days_after_fiscal_year_end": 180, "fee_amount": 0.00, "notes": "No statutory audit requirement."}
  ],
  "special_notes": {"no_state_income_tax": "Wyoming has no state income tax.", "business_friendly": "Wyoming is known for being very business-friendly with low fees.", "low_fees": "All fees in Wyoming are very affordable."},
  "helpful_links": [{"title": "Wyoming Secretary of State", "url": "https://sos.wyo.gov/", "description": "Incorporation and compliance"}]
}
